com.schibsted.bomnegocio.androidApp,OLX - Venda e Compra,SHOPPING,100000000,1535790,3.96,Free,0.492,0.854
com.google.android.apps.youtube.creator,YouTube Studio,VIDEO_PLAYERS,100000000,1535795,4.2,Free,2.079,3.844
com.time.trigger,Johnny Trigger: Action Shooter,GAME_ACTION,100000000,1561611,4.46,Free,0.633,1.341
ru.yandex.yandexnavi,Yandex.Navigator,TRAVEL_AND_LOCAL,100000000,1542131,4.42,Free,0.924,2.097
com.alibaba.intl.android.apps.poseidon,Alibaba.com,SHOPPING,100000000,1549277,4.48,Free,1.707,3.945
com.instabridge.android,WiFi Passwords by Instabridge,PRODUCTIVITY,100000000,1574612,4.3,Free,4.104,8.95
jp.naver.linecamera.android,LINE Camera - Photo editor,PHOTOGRAPHY,100000000,1580106,4.32,Free,0.148,0.186
com.zakg.scaryteacher.hellgame,Scary Teacher 3D,GAME_SIMULATION,100000000,1565439,4.19,Free,2.449,4.568
com.bitmango.rolltheballunrollme,Roll the Ball® - slide puzzle,GAME_PUZZLE,100000000,1565549,4.23,Free,0.111,0.136
net.apex_designs.payback2,Payback 2 - The Battle Sandbox,GAME_ARCADE,100000000,1565854,4.47,Free,1.677,3.446
com.cyberlink.powerdirector.DRA140225_01,PowerDirector - Video Editor,VIDEO_PLAYERS,100000000,1614066,4.27,Free,0.604,1.035
com.differencetenderwhite.skirt,Block Puzzle Jewel,GAME_PUZZLE,100000000,1655630,4.43,Free,0.698,1.275
com.pubg.imobile,Battlegrounds Mobile India,GAME_ACTION,50000000,3633653,4.38,Free,8.661,18.12
com.nintendo.zara,Super Mario Run,GAME_ACTION,100000000,1621999,3.96,Free,0.375,0.665
nic.goi.aarogyasetu,Aarogya Setu,HEALTH_AND_FITNESS,100000000,1645400,3.38,Free,0.461,1.091
com.mobilityware.solitaire,Solitaire,GAME_CARD,100000000,1645151,4.58,Free,0.52,0.887
app.source.getcontact,Getcontact,COMMUNICATION,100000000,1834095,3.93,Free,5.695,11.995
paint.by.number.pixel.art.coloring.drawing.puzzle,Paint by Number Coloring Games,GAME_BOARD,100000000,1602160,4.72,Free,1.617,3.425
com.groupon,Groupon – Deals & Coupons,SHOPPING,100000000,1651343,4.62,Free,0.236,0.377
com.disney.disneyplus,Disney+,ENTERTAINMENT,100000000,1583491,4.27,Free,3.82,7.12
com.combineinc.streetracing.driftthreeD,Street Racing 3D,GAME_RACING,100000000,1593410,4.34,Free,1.031,1.992
com.cleanteam.oneboost,"One Booster - Antivirus, Booster, Phone Cleaner",TOOLS,100000000,1781638,4.62,Free,2.98,5.996
com.jetstartgames.chess,Chess,GAME_BOARD,100000000,1708061,4.42,Free,0.823,1.636
org.videolan.vlc,VLC for Android,VIDEO_PLAYERS,100000000,1660289,4.14,Free,0.806,1.523
com.eterno,"Dailyhunt: News,Election,Local",NEWS_AND_MAGAZINES,100000000,1659090,4.25,Free,2.662,6.645
com.gameloft.android.ANMP.GloftAGHM,Asphalt Nitro,GAME_RACING,100000000,1714145,4.29,Free,0.805,1.495
com.playgendary.tom,Tomb of the Mask,GAME_ACTION,100000000,1859870,4.38,Free,1.208,3.08
video.reface.app,Reface: Funny face swap videos,ENTERTAINMENT,100000000,1629079,4.48,Free,1.041,2.282
com.os.airforce,1945 Air Force: Airplane games,GAME_ARCADE,100000000,1891690,4.7,Free,6.273,13.81
com.natenai.glowhockey,Glow Hockey,GAME_ARCADE,100000000,1802699,4.12,Free,0.134,0.173
com.rovio.angrybirdsseasons,Angry Birds Seasons,GAME_ARCADE,100000000,1682529,4.52,Free,0.223,0.23
ru.mail.mailapp,Mail.ru - Email App,COMMUNICATION,100000000,1806370,4.69,Free,7.966,36.997
com.google.android.apps.youtube.kids,YouTube Kids,ENTERTAINMENT,100000000,1901973,4.33,Free,2.758,5.563
fi.twomenandadog.zombiecatchers,Zombie Catchers – love to hunt,GAME_ACTION,100000000,1951814,4.41,Free,0.746,1.531
com.ea.gp.nbamobile,NBA LIVE Mobile Basketball,GAME_SPORTS,100000000,2457914,4.31,Free,0.51,0.875
com.abtnprojects.ambatana,letgo: Buy & Sell Used Stuff,SHOPPING,100000000,1625150,4.31,Free,0.489,0.873
com.sonyliv,SonyLIV:Entertainment & Sports,ENTERTAINMENT,100000000,1625295,3.69,Free,1.0,1.912
bubbleshooter.orig,Bubble Shooter,GAME_CASUAL,100000000,1778046,4.41,Free,1.39,3.048
com.meesho.supply,Meesho: Online Shopping App,SHOPPING,100000000,1671743,4.36,Free,10.888,22.914
com.snowcorp.stickerly.android,Sticker.ly - Sticker Maker,TOOLS,100000000,1585036,4.65,Free,2.364,4.454
io.voodoo.crowdcity,Crowd City,GAME_ARCADE,100000000,1608865,4.01,Free,0.335,0.552
com.byjus.thelearningapp,BYJU'S – The Learning App,EDUCATION,100000000,1721042,4.15,Free,0.794,1.433
com.tocaboca.tocakitchen2,Toca Kitchen 2,GAME_EDUCATIONAL,100000000,1630169,4.06,Free,0.722,1.287
com.cam001.selfie,Sweet Selfie: Camera & Editor,PHOTOGRAPHY,100000000,2289764,4.52,Free,0.71,1.368
com.cyworld.camera,Cymera - Photo Editor Collage,PHOTOGRAPHY,100000000,2495617,4.39,Free,0.098,0.118
com.ovelin.guitartuna,GuitarTuna - Tuner for Guitar Ukulele Bass & more!,TOOLS,100000000,2086545,4.73,Free,1.328,2.795
com.outfit7.talkinggingerfree,Talking Ginger,ENTERTAINMENT,100000000,1914621,3.81,Free,0.248,0.361
com.evernote,Evernote - Notes Organizer & Daily Planner,PRODUCTIVITY,100000000,1673227,3.99,Free,0.713,1.402
com.gamma.scan,QR & Barcode Scanner,TOOLS,100000000,1891530,4.57,Free,2.001,4.076
club.fromfactory,Club Factory - Online Shopping App,SHOPPING,100000000,1764735,3.07,Free,0.08,0.07
com.linecorp.LGGRTHN,LINE Let's Get Rich,GAME_CASUAL,50000000,4003596,4.29,Free,0.103,0.139
com.nintendo.zaka,Mario Kart Tour,GAME_ACTION,100000000,2021979,4.23,Free,0.41,0.844
com.cyberlink.youperfect,YouCam Perfect - Photo Editor,PHOTOGRAPHY,100000000,2052455,4.43,Free,0.266,0.485
com.google.android.apps.meetings,Google Meet,BUSINESS,100000000,2070174,4.1,Free,2.752,5.148
sixpack.sixpackabs.absworkout,Six Pack in 30 Days,HEALTH_AND_FITNESS,100000000,1868965,4.92,Free,3.162,6.015
air.au.com.metro.DumbWaysToDie2,Dumb Ways to Die 2: The Games,GAME_CASUAL,100000000,1789062,4.36,Free,0.118,0.138
com.moonvideo.android.resso,Resso Music - Songs & Lyrics,MUSIC_AND_AUDIO,100000000,1688252,4.76,Free,18.057,53.136
com.masomo.headball2,Head Ball 2 - Online Soccer,GAME_SPORTS,100000000,1919560,3.97,Free,0.751,1.514
com.olacabs.customer,"Ola, Safe and affordable rides",MAPS_AND_NAVIGATION,100000000,2009694,3.98,Free,2.165,5.49
com.zentertain.photoeditor,Photo Editor Pro,PHOTOGRAPHY,100000000,1889530,4.17,Free,0.08,0.077
com.rubygames.assassin,Hunter Assassin,GAME_ACTION,100000000,2353692,4.24,Free,3.469,6.654
com.adobe.psmobile,Photoshop Express Photo Editor,PHOTOGRAPHY,100000000,1807720,4.35,Free,0.569,1.121
com.playgendary.tanks,Tank Stars,GAME_ARCADE,100000000,1703107,4.21,Free,1.948,4.002
fb.video.downloader,FastVid: Video Downloader for Facebook,TOOLS,100000000,2271864,4.33,Free,2.132,4.149
com.pure.indosat.care,myIM3 Buy & Check IM3 Data,TOOLS,10000000,5705571,4.52,Free,4.25,9.571
com.vng.g6.a.zombie,DEAD TARGET: Zombie Games 3D,GAME_ACTION,100000000,2184657,4.55,Free,1.049,2.18
com.youmusic.magictiles,Magic Tiles 3,GAME_MUSIC,100000000,2815886,3.93,Free,1.632,3.538
ru.yandex.taxi,Yandex Go — taxi and delivery,MAPS_AND_NAVIGATION,50000000,3981596,4.87,Free,5.85,13.59
com.FDGEntertainment.redball4.gp,Red Ball 4,GAME_ARCADE,100000000,2508456,4.45,Free,1.059,1.919
com.billiards.city.pool.nation.club,Pooking - Billiards City,GAME_SPORTS,100000000,3017891,4.49,Free,1.627,3.111
br.com.gabba.Caixa,CAIXA,FINANCE,100000000,3029071,3.66,Free,1.803,3.443
com.melesta.coffeeshop,My Cafe — Restaurant Game,GAME_CASUAL,50000000,4341430,4.55,Free,0.589,1.17
com.king.candycrushjellysaga,Candy Crush Jelly Saga,GAME_PUZZLE,100000000,1718498,4.59,Free,0.533,0.928
com.zing.zalo,Zalo - Video Call,COMMUNICATION,100000000,1867717,4.2,Free,1.134,2.386
jp.ne.ibis.ibispaintx.app,ibis Paint X,ART_AND_DESIGN,100000000,1942623,4.25,Free,2.207,4.447
com.facebook.pages.app,Meta Business Suite,BUSINESS,100000000,2364943,4.24,Free,2.259,4.372
com.jio.jioplay.tv,JioTV,ENTERTAINMENT,100000000,3522304,4.02,Free,0.568,1.176
com.fungames.blockcraft,Block Craft 3D：Building Game,GAME_ARCADE,100000000,2367862,4.24,Free,0.933,1.683
io.voodoo.paper2,Paper.io 2,GAME_ARCADE,100000000,1971594,3.57,Free,0.614,0.996
co.brainly,Brainly – Get Homework Help,EDUCATION,100000000,2265844,4.43,Free,3.854,6.422
photoeditor.layout.collagemaker,Collage Maker | Photo Editor,PHOTOGRAPHY,100000000,1917763,4.91,Free,4.281,9.256
com.outfit7.movingeye.swampattack,Swamp Attack,GAME_ACTION,100000000,2518099,4.53,Free,0.21,0.305
com.jrzheng.supervpnfree,SuperVPN Fast VPN Client,TOOLS,100000000,2141100,4.69,Free,2.72,5.331
com.lyrebirdstudio.montagenscolagem,Photo Editor Picsa: Photo Collage Maker & Stickers,PHOTOGRAPHY,100000000,2061588,4.5,Free,0.55,1.135
com.outfit7.mytalkingtomfriends,My Talking Tom Friends,GAME_CASUAL,100000000,2627000,4.17,Free,3.123,6.389
tunein.player,"TuneIn Radio: News, Sports & AM FM Music Stations",MUSIC_AND_AUDIO,100000000,2127554,4.68,Free,1.09,2.328
com.freeplay.runandfight,Join Clash 3D,GAME_ARCADE,100000000,1807840,4.14,Free,1.47,2.89
com.gojek.app,Gojek,TRAVEL_AND_LOCAL,100000000,4499530,4.25,Free,1.599,3.233
com.avito.android,"Авито: квартиры, авто, работа",SHOPPING,100000000,2575942,4.45,Free,1.198,2.317
com.halo.wifikey.wifilocating,WiFi Master - Fast Secure WiFi,TOOLS,100000000,3060901,4.43,Free,0.467,0.841
com.starmakerinteractive.starmaker,StarMaker: Sing Karaoke Songs,MUSIC_AND_AUDIO,100000000,2629259,4.5,Free,3.068,6.157
com.generagames.resistance,Cover Fire: Offline Shooting,GAME_ACTION,100000000,2280230,4.66,Free,0.88,1.836
homeworkout.homeworkouts.noequipment,Home Workout - No Equipment,HEALTH_AND_FITNESS,100000000,2510968,4.92,Free,3.409,6.68
deezer.android.app,Deezer: Music & Podcast Player,MUSIC_AND_AUDIO,100000000,2805565,4.3,Free,0.967,2.025
com.springwalk.mediaconverter,MP3 Video Converter,MUSIC_AND_AUDIO,100000000,2005024,4.55,Free,0.235,0.39
com.wb.goog.mkx,MORTAL KOMBAT: A Fighting Game,GAME_ACTION,50000000,4368657,4.32,Free,0.383,0.687
com.ixigo.train.ixitrain,Train Status Ticket Book PNR,TRAVEL_AND_LOCAL,100000000,2016750,4.49,Free,2.891,5.284
com.ril.ajio,AJIO - House Of Brands,SHOPPING,100000000,2177556,4.57,Free,3.947,9.415
com.europosit.pixelcoloring,Pixel Art: color by number,GAME_PUZZLE,100000000,2197549,4.47,Free,0.566,1.256
com.azarlive.android,Azar - Video Chat,COMMUNICATION,100000000,1836064,4.02,Free,0.848,1.618
com.outfit7.talkingben,Talking Ben the Dog,ENTERTAINMENT,100000000,1783299,4.37,Free,0.459,0.595
com.mobilemotion.dubsmash,Dubsmash - Create & Watch Videos,VIDEO_PLAYERS,100000000,2012652,4.13,Free,0.084,0.08
com.yandex.browser,Yandex Browser with Protect,PERSONALIZATION,100000000,2031111,4.34,Free,1.266,2.535
com.xiaomi.hm.health,Mi Fit,HEALTH_AND_FITNESS,100000000,2365344,4.27,Free,2.708,4.285
com.bsb.hike,Hike News & Content,SOCIAL,100000000,2912153,4.36,Free,0.113,0.109
com.piriform.ccleaner,"CCleaner: Cache Cleaner, Phone Booster, Optimizer",TOOLS,100000000,2426487,4.68,Free,1.861,3.733
com.disney.wheresmywater2_goo,Where's My Water? 2,GAME_PUZZLE,100000000,2190929,4.3,Free,0.257,0.456
com.fungames.flightpilot,Flight Pilot Simulator 3D,GAME_ROLE_PLAYING,100000000,2698165,4.26,Free,0.193,0.31
kik.android,Kik,COMMUNICATION,100000000,2517153,4.11,Free,0.275,0.318
com.mojang.minecrafttrialpe,Minecraft Trial,GAME_ARCADE,100000000,2702997,4.1,Free,1.768,3.427
com.miniclip.footballstrike,Football Strike: Online Soccer,GAME_SPORTS,100000000,2346956,4.5,Free,2.063,4.274
com.google.android.apps.classroom,Google Classroom,EDUCATION,100000000,1910657,2.38,Free,1.752,2.812
com.ubisoft.hungrysharkworld,Hungry Shark World,GAME_ARCADE,100000000,2006664,4.56,Free,0.743,1.329
com.notdoppler.earntodie2,Earn to Die 2,GAME_RACING,100000000,1847700,4.37,Free,0.608,1.17
com.kms.free,Kaspersky Security & VPN,TOOLS,50000000,3793650,4.75,Free,0.644,1.195
com.amazon.kindle,Amazon Kindle,BOOKS_AND_REFERENCE,100000000,2275000,4.74,Free,3.348,6.755
com.myntra.android,Myntra Online Shopping App,SHOPPING,100000000,3662065,4.37,Free,0.613,1.444
com.alien.shooter.galaxy.attack,Galaxy Attack: Alien Shooter,GAME_ARCADE,100000000,2176793,4.66,Free,1.058,2.282
com.microblink.photomath,Photomath,EDUCATION,100000000,2554343,4.62,Free,1.699,2.706
com.spacegame.homedesign,My Home - Design Dreams,GAME_CASUAL,100000000,2240670,4.51,Free,0.433,0.802
com.indeed.android.jobsearch,Indeed Job Search,BUSINESS,100000000,2339985,4.7,Free,6.438,12.01
com.amanotes.beathopper,Tiles Hop: EDM Rush!,GAME_MUSIC,100000000,2985666,4.17,Free,1.959,4.11
com.kakao.talk,KakaoTalk : Messenger,COMMUNICATION,100000000,3104343,4.35,Free,1.066,1.444
com.studiosol.palcomp3,Palco MP3,MUSIC_AND_AUDIO,100000000,2131996,4.22,Free,0.076,0.1
com.nekki.vector,Vector,GAME_ARCADE,100000000,3472551,4.4,Free,0.41,0.705
com.julian.fastracing,Fast Racing 3D,GAME_RACING,100000000,1853176,4.2,Free,0.114,0.13
com.movile.playkids.pkxd,PK XD - Play with your Friends,GAME_ADVENTURE,100000000,3482225,4.25,Free,2.936,5.201
com.antivirus,AVG AntiVirus - Mobile Security & Privacy,TOOLS,100000000,7346939,4.75,Free,0.464,0.824
com.midasplayer.apps.bubblewitchsaga2,Bubble Witch 2 Saga,GAME_CASUAL,100000000,2971384,4.62,Free,0.139,0.206
free.vpn.unblock.proxy.turbovpn,Turbo VPN - Secure VPN Proxy,TOOLS,100000000,6115345,4.65,Free,2.35,4.737
com.matchington.mansion,Matchington Mansion,GAME_PUZZLE,100000000,2128512,4.43,Free,0.846,1.686
com.sec.pcw,Samsung Link (Terminated),PRODUCTIVITY,500000000,180082,3.46,Free,0.384,0.614
com.paypal.android.p2pmobile,"PayPal - Send, Shop, Manage",FINANCE,100000000,2437175,4.39,Free,2.411,4.778
com.pixel.gun3d,Pixel Gun 3D - Battle Royale,GAME_ACTION,100000000,5763483,4.19,Free,0.275,0.381
in.swiggy.android,Swiggy : Food Delivery & More,FOOD_AND_DRINK,100000000,2960039,3.99,Free,0.771,1.541
com.igg.castleclash,Castle Clash: Guild Royale,GAME_STRATEGY,100000000,5095959,4.02,Free,0.298,0.526
photo.editor.photoeditor.photoeditorpro,Photo Editor Pro,PHOTOGRAPHY,100000000,2780469,4.87,Free,2.826,5.952
com.jio.myjio,MyJio: For Everything Jio,PRODUCTIVITY,100000000,18041827,4.44,Free,4.465,9.588
net.mobigame.zombietsunami,Zombie Tsunami,GAME_ARCADE,100000000,6060566,4.54,Free,0.354,0.693
com.digidust.elokence.akinator.freemium,Akinator,ENTERTAINMENT,100000000,3594363,4.55,Free,2.208,3.785
com.rsupport.mvagent,Mobizen Screen Recorder,PRODUCTIVITY,100000000,3260630,4.07,Free,0.64,1.015
com.ea.game.simpsons4_row,The Simpsons™:  Tapped Out,GAME_CASUAL,100000000,4104904,4.13,Free,0.139,0.197
com.lbe.parallel.intl,Parallel Space - Multiple accounts & Two face,PERSONALIZATION,100000000,4900643,4.21,Free,0.39,0.684
com.unicostudio.braintest,Brain Test: Tricky Puzzles,GAME_TRIVIA,100000000,4943155,4.68,Free,2.076,4.161
com.robtopx.geometryjumplite,Geometry Dash Lite,GAME_ARCADE,100000000,7194294,4.41,Free,0.445,0.835
com.explorationbase.ExplorationLite,Kiloblocks Lite,GAME_ADVENTURE,100000000,2077706,3.85,Free,0.072,0.073
com.zuuks.bus.simulator.ultimate,Bus Simulator : Ultimate,GAME_SIMULATION,100000000,1785459,4.09,Free,3.51,7.025
com.olx.southasia,OLX: Buy & Sell Near You with Online Classifieds,SHOPPING,100000000,2539553,4.26,Free,0.855,1.753
cn.wps.moffice_eng,"WPS Office-PDF,Word,Excel,PPT",PRODUCTIVITY,100000000,3699639,4.31,Free,2.173,4.424
com.zzkko,SHEIN-Fashion Shopping Online,SHOPPING,100000000,3121797,4.77,Free,4.517,12.376
com.maxgames.stickwarlegacy,Stick War: Legacy,GAME_STRATEGY,100000000,2316450,4.62,Free,1.671,3.238
com.jb.gokeyboard,"GO Keyboard Lite - Emoji keyboard, Free Theme, GIF",PERSONALIZATION,100000000,2637225,4.44,Free,0.114,0.122
com.jb.gosms,"GO SMS Pro - Messenger, Free Themes, Emoji",COMMUNICATION,100000000,2952292,4.41,Free,0.216,0.252
com.huawei.himovie.overseas,HUAWEI Video,ENTERTAINMENT,500000000,85059,3.83,Free,1.965,4.064
com.yodo1.crossyroad,Crossy Road,GAME_ACTION,100000000,4505349,4.57,Free,0.228,0.335
com.huawei.KoBackup,Huawei Backup,TOOLS,500000000,165664,4.1,Free,1.002,1.987
br.com.bb.android,"Banco do Brasil | Conta, cartão, pix e mais!",FINANCE,50000000,4629390,4.56,Free,2.06,4.024
com.slippy.linerusher,Fun Race 3D,GAME_RACING,100000000,2406007,4.27,Free,0.777,1.21
com.booking,Booking.com: Hotels and more,TRAVEL_AND_LOCAL,100000000,3248389,4.58,Free,0.865,1.675
com.kwai.video,Kwai - Watch cool&funny videos,VIDEO_PLAYERS,100000000,7626685,4.62,Free,5.904,12.26
com.snapdeal.main,Snapdeal: Online Shopping App,SHOPPING,100000000,2392459,3.99,Free,0.705,1.637
com.craftsman.go,Craftsman: Building Craft,GAME_SIMULATION,100000000,2231024,4.11,Free,4.724,10.922
cn.xender,Xender - Share Music Transfer,TOOLS,100000000,3327297,4.5,Free,1.024,1.797
com.ismaker.android.simsimi,SimSimi,ENTERTAINMENT,100000000,4012704,4.26,Free,0.329,0.546
com.weather.Weather,The Weather Channel - Radar,WEATHER,100000000,2569962,4.56,Free,0.919,1.803
com.utorrent.client,µTorrent®- Torrent Downloader,VIDEO_PLAYERS,100000000,4851625,4.65,Free,0.494,0.999
com.topfreegames.bikeracefreeworld,Bike Race：Motorcycle Games,GAME_RACING,100000000,3033017,4.57,Free,0.287,0.454
com.netmarble.mherosgb,MARVEL Future Fight,GAME_ROLE_PLAYING,100000000,2947111,3.9,Free,0.506,0.913
com.fugo.wow,Words of Wonders: Crossword,GAME_WORD,100000000,2252640,4.75,Free,2.426,5.576
com.outfit7.mytalkingtomfree,My Talking Tom,GAME_CASUAL,500000000,17207574,4.51,Free,0.321,0.568
com.ea.gp.fifamobile,FIFA Soccer,GAME_SPORTS,100000000,8743353,4.48,Free,6.448,8.161
com.telkomsel.telkomselcm,MyTelkomsel - Buy Package,TOOLS,50000000,6872550,4.27,Free,3.39,7.321
com.zeptolab.ctr.ads,Cut the Rope,GAME_PUZZLE,100000000,2624308,4.55,Free,0.311,0.575
com.touchtao.soccerkinggoogle,World Soccer League,GAME_SPORTS,100000000,2257816,4.38,Free,1.492,3.118
com.amazon.mp3,Amazon Music: Discover Songs,MUSIC_AND_AUDIO,100000000,2486606,4.15,Free,1.272,2.634
com.jb.emoji.gokeyboard,"GO Keyboard - Cute Emojis, Themes and GIFs",TOOLS,100000000,4769865,4.58,Free,0.079,0.081
com.firsttouchgames.dls7,Dream League Soccer 2022,GAME_SPORTS,100000000,5425677,4.31,Free,5.926,13.28
videoeditor.videorecorder.screenrecorder,Screen Recorder - XRecorder,VIDEO_PLAYERS,100000000,4877145,4.78,Free,3.65,7.21
com.amazon.avod.thirdpartyclient,Amazon Prime Video,ENTERTAINMENT,100000000,3279874,4.44,Free,1.939,3.818
com.h8games.helixjump,Helix Jump,GAME_ACTION,100000000,4257414,3.94,Free,0.091,0.085
com.grabtaxi.passenger,Grab Superapp,FOOD_AND_DRINK,100000000,8348344,4.68,Free,2.702,6.002
com.moonactive.coinmaster,Coin Master,GAME_CASUAL,100000000,6656831,4.52,Free,1.492,2.963
com.garena.game.kgvn,Garena Liên Quân Mobile,GAME_ACTION,50000000,5158372,4.14,Free,1.579,2.509
com.huawei.android.thememanager,Themes,PERSONALIZATION,500000000,139166,4.05,Free,2.415,4.857
com.ea.games.simsfreeplay_row,The Sims FreePlay,GAME_SIMULATION,100000000,5630876,4.06,Free,0.36,0.584
com.creativemobile.DragRacing,Drag Racing,GAME_RACING,100000000,2697588,4.46,Free,0.186,0.219
com.miniclip.carrom,Carrom Pool: Disc Game,GAME_SPORTS,100000000,4065419,4.17,Free,1.995,4.445
com.imangi.templerun,Temple Run,GAME_ARCADE,500000000,5033604,4.39,Free,0.616,1.091
com.gameloft.android.ANMP.GloftA8HM,Asphalt 8 - Car Racing Game,GAME_RACING,100000000,10071473,4.48,Free,0.731,1.373
com.dvloper.granny,Granny,GAME_ARCADE,100000000,3565788,4.24,Free,0.911,1.59
com.bitstrips.imoji,Bitmoji,ENTERTAINMENT,100000000,3509355,4.63,Free,0.451,0.808
com.supercell.brawlstars,Brawl Stars,GAME_ACTION,100000000,21334182,4.3,Free,3.986,5.199
com.wildspike.wormszone,Worms Zone .io - Hungry Snake,GAME_ACTION,100000000,2512692,4.27,Free,1.633,3.329
org.mozilla.firefox,Firefox Fast & Private Browser,COMMUNICATION,100000000,4368042,0.0,Free,1.025,2.154
com.tv.v18.viola,"Voot, Bigg Boss S15, Colors TV",ENTERTAINMENT,100000000,2519411,3.18,Free,0.57,1.956
sinet.startup.inDriver,inDriver — Offer your fare,MAPS_AND_NAVIGATION,100000000,3074221,4.75,Free,4.81,10.44
vsin.t16_funny_photo,Photo Lab Picture Editor & Art,PHOTOGRAPHY,100000000,2841945,4.61,Free,2.027,4.381
com.ubercab.driver,Uber - Driver: Drive & Deliver,BUSINESS,100000000,2564192,3.96,Free,1.684,2.711
com.ogqcorp.bgh,Backgrounds HD (Wallpapers),PERSONALIZATION,100000000,2402709,4.56,Free,0.093,0.091
com.sec.android.gallery3d,Samsung Gallery,PHOTOGRAPHY,1000000000,2543666,4.38,Free,0.168,0.299
ru.ok.android,OK: Social Network,SOCIAL,100000000,2618305,4.26,Free,0.495,0.769
com.naturalmotion.customstreetracer2,CSR Racing 2 - Car Racing Game,GAME_RACING,50000000,4645335,4.58,Free,0.536,0.973
com.tumblr,"Tumblr – Culture, Art, Chaos",SOCIAL,100000000,3643444,4.03,Free,0.29,0.539
com.kabam.marvelbattle,Marvel Contest of Champions,GAME_ACTION,100000000,3169814,4.34,Free,0.369,0.603
com.outfit7.talkingangelafree,Talking Angela,ENTERTAINMENT,100000000,2084598,3.02,Free,0.329,0.509
com.vectorunit.purple.googleplay,Beach Buggy Racing,GAME_RACING,100000000,2358565,4.45,Free,0.912,1.847
com.biglime.cookingmadness,Cooking Madness - A Chef's Restaurant Games,GAME_ARCADE,100000000,2506077,4.74,Free,1.631,3.356
com.gameloft.android.ANMP.GloftM5HM,Modern Combat 5: mobile FPS,GAME_ACTION,100000000,3670047,4.45,Free,0.616,1.099
com.emoji.coolkeyboard,"Emoji keyboard-Themes,Sticker",TOOLS,100000000,2441133,4.59,Free,0.701,1.384
com.picsart.studio,Picsart Photo & Video Editor,PHOTOGRAPHY,500000000,11170274,4.17,Free,0.734,1.437
com.mediocre.smashhit,Smash Hit,GAME_ARCADE,100000000,4646045,0.0,Free,0.239,0.391
com.dywx.larkplayer,Music Player & MP3 Player - Lark Player,MUSIC_AND_AUDIO,100000000,2754886,4.6,Free,1.27,2.387
com.vkontakte.android,"VK: music, video, messenger",SOCIAL,100000000,8002315,3.54,Free,0.492,0.838
com.fluffyfairygames.idleminertycoon,Idle Miner Tycoon: Gold & Cash,GAME_SIMULATION,100000000,3895877,4.56,Free,1.866,3.519
com.playrix.homescapes,Homescapes,GAME_CASUAL,100000000,10975087,4.4,Free,0.798,1.297
com.socialnmobile.dictapps.notepad.color.note,ColorNote Notepad Notes,PRODUCTIVITY,100000000,3405722,4.86,Free,0.598,1.115
com.imo.android.imoim,imo-International Calls & Chat,COMMUNICATION,500000000,7411585,4.11,Free,0.861,1.652
com.playit.videoplayer,PLAYit-All in One Video Player,VIDEO_PLAYERS,100000000,3660067,4.63,Free,3.889,8.471
com.quvideo.xiaoying,VivaVideo - Video Editor&Maker,VIDEO_PLAYERS,100000000,13253469,4.47,Free,2.652,1.036
com.discord,"Discord - Chat, Talk & Hangout",COMMUNICATION,100000000,4121581,4.51,Free,2.88,5.465
com.opera.browser,Opera Browser: Fast & Private,COMMUNICATION,100000000,4002469,4.34,Free,0.964,1.785
com.joeware.android.gpulumera,Candy Camera - photo editor,PHOTOGRAPHY,100000000,3513960,4.49,Free,0.112,0.122
com.google.android.apps.assistant,Google Assistant Go,TOOLS,500000000,294191,4.25,Free,2.764,5.665
com.playgendary.kickthebuddy,Kick the Buddy,GAME_ACTION,100000000,3432805,4.26,Free,0.334,0.54
com.fdgentertainment.bananakong,Banana Kong,GAME_ACTION,100000000,4707006,4.61,Free,0.73,1.383
com.ebay.mobile,eBay: The shopping marketplace,SHOPPING,100000000,4139137,4.67,Free,0.823,1.565
com.noxgroup.app.cleaner,"Nox Cleaner - Booster, Master",TOOLS,100000000,2066029,4.43,Free,3.401,6.49
com.prettysimple.criminalcaseandroid,Criminal Case,GAME_ADVENTURE,100000000,4312315,4.61,Free,0.186,0.289
in.mohalla.sharechat,ShareChat - Made in India,SOCIAL,100000000,3121306,4.2,Free,2.465,4.646
com.microsoft.office.word,Microsoft Word: Edit Documents,PRODUCTIVITY,1000000000,6554326,4.45,Free,0.855,1.57
com.intsig.camscanner,CamScanner - PDF Scanner App,PRODUCTIVITY,100000000,3812328,4.86,Free,1.83,3.015
com.outfit7.talkingtom,Talking Tom Cat,GAME_CASUAL,100000000,2389051,4.09,Free,0.847,1.483
com.whereismytrain.android,Where is my Train,TRAVEL_AND_LOCAL,100000000,2931679,4.55,Free,1.308,2.621
com.soundcloud.android,SoundCloud: Play Music & Songs,MUSIC_AND_AUDIO,100000000,5500784,4.69,Free,1.319,2.552
com.sirma.mobile.bible.android,YouVersion Bible App + Audio,BOOKS_AND_REFERENCE,100000000,3890427,4.89,Free,1.304,2.645
com.appstar.callrecorder,Automatic Call Recorder,TOOLS,100000000,2477877,3.56,Free,0.547,0.937
com.accuweather.android,AccuWeather: Weather Radar,WEATHER,100000000,2538109,4.05,Free,0.14,0.178
com.badoo.mobile,Badoo - Dating. Chat. Meet.,DATING,100000000,5789527,4.06,Free,0.588,1.086
com.google.android.gm.lite,Gmail Go,COMMUNICATION,500000000,105430,4.5,Free,2.905,5.963
com.smule.singandroid,Smule: Sing 10M+ Karaoke Songs,MUSIC_AND_AUDIO,100000000,4062650,3.83,Free,0.221,0.362
com.google.android.apps.nbu.paisa.user,"Google Pay: Save, Pay, Manage",FINANCE,500000000,7419019,4.05,Free,3.214,4.84
com.etermax.preguntados.lite,Trivia Crack,GAME_TRIVIA,100000000,7546569,4.41,Free,0.378,0.723
com.yy.hiyo,"Hago-Talk, Live & Play Games",SOCIAL,100000000,6024383,4.26,Free,0.769,1.484
tv.twitch.android.app,Twitch: Live Game Streaming,ENTERTAINMENT,100000000,4752458,4.49,Free,1.273,2.3
com.rovio.angrybirdsgo,Angry Birds Go!,GAME_RACING,100000000,3869232,4.38,Free,0.091,0.081
com.devuni.flashlight,Tiny Flashlight + LED,TOOLS,100000000,4281088,4.51,Free,0.243,0.271
com.king.candycrushsodasaga,Candy Crush Soda Saga,GAME_CASUAL,100000000,8377297,4.62,Free,0.532,0.978
app.buzz.share,"Helo - Discover, Share & Communicate",SOCIAL,100000000,2333627,3.87,Free,0.019,0.003
com.tinder,Tinder - Dating & Make Friends,LIFESTYLE,100000000,4544824,3.02,Free,0.733,1.362
com.episodeinteractive.android.catalog,Episode - Choose Your Story,GAME_SIMULATION,100000000,3813252,4.3,Free,0.502,1.239
com.touchtype.swiftkey,Microsoft SwiftKey Keyboard,PRODUCTIVITY,500000000,3806182,4.13,Free,0.268,0.428
com.UCMobile.intl,"UC Browser-Safe, Fast, Private",COMMUNICATION,500000000,22099083,4.35,Free,0.182,0.276
com.outfit7.talkingtomgoldrun,Talking Tom Gold Run,GAME_ACTION,100000000,5173711,4.25,Free,1.203,2.499
com.google.android.music,YouTube Music,MUSIC_AND_AUDIO,1000000000,3499348,4.49,Free,3.308,6.639
com.samsung.android.app.notes,Samsung Notes,PRODUCTIVITY,1000000000,2648762,4.68,Free,10.395,23.047
com.supercell.clashroyale,Clash Royale,GAME_STRATEGY,100000000,33438308,4.26,Free,1.075,2.146
com.policydm,Samsung Security Policy Update,PRODUCTIVITY,1000000000,324404,3.91,Free,0.714,1.364
com.pixonic.wwr,War Robots Multiplayer Battles,GAME_ACTION,100000000,4420348,4.1,Free,0.752,1.215
com.ForgeGames.SpecialForcesGroup2,Special Forces Group 2,GAME_ACTION,100000000,3508344,4.46,Free,1.179,2.272
com.sec.android.app.launcher,Samsung One UI Home,PERSONALIZATION,1000000000,288724,3.77,Free,1.004,1.885
com.venticake.retrica,Retrica - The Original Filter Camera,PHOTOGRAPHY,100000000,6210139,4.36,Free,0.051,0.049
com.zhiliaoapp.musically.go,TikTok Lite,SOCIAL,500000000,3739589,4.33,Free,4.433,8.299
com.zeptolab.ctr2.f2p.google,Cut the Rope 2,GAME_PUZZLE,100000000,2320162,4.34,Free,0.15,0.231
com.samsung.android.mobileservice,Group Sharing,TOOLS,1000000000,238026,3.42,Free,2.552,5.095
com.google.android.googlequicksearchbox,Google,TOOLS,10000000000,22705662,4.22,Free,1.489,2.669
com.sec.android.app.voicenote,Samsung Voice Recorder,TOOLS,1000000000,190333,4.02,Free,1.968,3.696
com.linecorp.b612.android,B612 Camera&Photo/Video Editor,PHOTOGRAPHY,500000000,7328019,4.35,Free,0.363,0.68
com.halfbrick.fruitninjafree,Fruit Ninja®,GAME_ARCADE,500000000,5444870,4.49,Free,0.255,0.392
com.king.candycrushsaga,Candy Crush Saga,GAME_CASUAL,1000000000,33290602,4.63,Free,0.818,1.493
io.faceapp,FaceApp: Face Editor,PHOTOGRAPHY,100000000,4183189,4.64,Free,1.412,2.668
com.cyberlink.youcammakeup,YouCam Makeup - Selfie Editor,PHOTOGRAPHY,100000000,4106198,4.46,Free,0.234,0.433
com.ss.android.ugc.trill,TikTok,VIDEO_PLAYERS,500000000,13440386,4.55,Free,2.724,5.602
com.tencent.iglite,PUBG MOBILE LITE,GAME_ACTION,100000000,7998362,4.11,Free,0.615,1.052
com.tokopedia.tkpd,Tokopedia,SHOPPING,100000000,5692394,4.75,Free,2.786,5.73
com.google.android.videos,Google TV,VIDEO_PLAYERS,5000000000,2038178,3.93,Free,1.257,2.418
video.like,Likee - Short Video Community,SOCIAL,500000000,11499099,4.31,Free,2.354,2.652
com.google.android.apps.youtube.mango,YouTube Go,VIDEO_PLAYERS,500000000,2792961,4.17,Free,0.441,1.09
com.outfit7.mytalkingtom2,My Talking Tom 2,GAME_CASUAL,500000000,4319745,4.15,Free,1.797,3.639
com.microsoft.office.onenote,Microsoft OneNote: Save Ideas and Organize Notes,PRODUCTIVITY,500000000,911087,4.33,Free,0.601,1.105
com.google.android.tts,Speech Services by Google,TOOLS,10000000000,3095857,2.51,Free,3.91,5.675
com.flipkart.android,Flipkart Online Shopping App,SHOPPING,100000000,27515422,4.39,Free,3.254,6.733
com.appsomniacs.da2,Mini Militia - Doodle Army 2,GAME_ACTION,100000000,3392388,4.12,Free,0.842,1.617
com.google.android.apps.books,Google Play Books & Audiobooks,BOOKS_AND_REFERENCE,1000000000,1886340,4.06,Free,0.565,0.975
com.ubercab.eats,Uber Eats: Food Delivery,FOOD_AND_DRINK,100000000,4377566,4.28,Free,1.259,2.533
com.ea.game.nfs14_row,Need for Speed™ No Limits,GAME_RACING,100000000,4739434,4.34,Free,0.476,0.88
com.google.android.apps.wallpaper,Wallpapers,PERSONALIZATION,500000000,198328,4.14,Free,1.499,2.923
us.zoom.videomeetings,ZOOM Cloud Meetings,BUSINESS,500000000,3582437,4.37,Free,3.577,6.549
com.skype.raider,Skype,COMMUNICATION,1000000000,11439390,4.13,Free,0.167,0.22
com.nekki.shadowfight,Shadow Fight 2,GAME_ACTION,100000000,14977196,4.64,Free,0.854,1.478
com.google.android.apps.magazines,Google News - Daily Headlines,NEWS_AND_MAGAZINES,1000000000,1631072,4.14,Free,0.899,1.643
com.innersloth.spacemafia,Among Us,GAME_ACTION,100000000,12937182,3.61,Free,0.768,1.478
com.google.android.calendar,Google Calendar,PRODUCTIVITY,1000000000,1948224,4.2,Free,1.67,3.26
ru.sberbankmobile,СберБанк Онлайн — с Салютом,FINANCE,100000000,7655724,4.41,Free,1.085,2.198
com.nordcurrent.canteenhd,Cooking Fever: Restaurant Game,GAME_ARCADE,100000000,4746923,4.42,Free,0.547,0.941
com.samsung.android.uds,Ultra data saving,TOOLS,500000000,32238,4.04,Free,2.044,3.976
com.google.android.apps.docs.editors.sheets,Google Sheets,PRODUCTIVITY,1000000000,1008316,4.07,Free,0.984,1.807
com.popularapp.periodcalendar,Period Calendar Period Tracker,HEALTH_AND_FITNESS,100000000,6428857,4.91,Free,1.081,1.956
com.sega.sonicdash,Sonic Dash - Endless Running,GAME_ARCADE,100000000,5716758,4.63,Free,0.58,1.152
com.sec.android.app.shealth,Samsung Health,HEALTH_AND_FITNESS,1000000000,1349331,3.53,Free,0.878,1.682
sg.bigo.live,Bigo Live - Live Streaming App,SOCIAL,100000000,4915246,4.23,Free,0.962,1.816
com.glu.deerhunt2,DEER HUNTER CLASSIC,GAME_ACTION,100000000,3996646,4.41,Free,0.165,0.187
com.application.zomato,Zomato: Food Delivery & Dining,FOOD_AND_DRINK,100000000,6130886,4.02,Free,1.637,3.303
com.google.android.inputmethod.latin,Gboard - the Google Keyboard,TOOLS,1000000000,9921157,4.53,Free,2.325,4.583
com.pandora.android,Pandora - Music & Podcasts,MUSIC_AND_AUDIO,100000000,3354104,4.16,Free,0.466,0.6
vStudio.Android.Camera360,Camera360 :Photo Editor&Selfie,PHOTOGRAPHY,100000000,5031383,4.41,Free,0.145,0.212
com.nekki.shadowfight3,Shadow Fight 3 - RPG fighting,GAME_ROLE_PLAYING,100000000,3495665,4.4,Free,1.3,2.545
com.microsoft.appmanager,Your Phone Companion - Link to Windows,PRODUCTIVITY,500000000,595651,3.94,Free,2.328,4.666
com.samsung.android.oneconnect,SmartThings,LIFESTYLE,500000000,873338,4.38,Free,1.851,3.728
com.samsung.android.app.watchmanager,Galaxy Wearable (Samsung Gear),TOOLS,500000000,1493173,4.34,Free,0.906,1.932
com.gaana,Gaana Hindi Song Music App,MUSIC_AND_AUDIO,100000000,4588638,4.5,Free,1.937,3.552
com.myairtelapp,"Airtel Thanks – Recharge, Bill Pay, UPI & Bank",PRODUCTIVITY,100000000,5805785,4.43,Free,1.619,3.292
com.google.android.apps.googleassistant,Google Assistant,PRODUCTIVITY,1000000000,549884,3.94,Free,3.677,7.25
com.linkedin.android,LinkedIn: Jobs & Business News,BUSINESS,500000000,2279207,4.32,Free,1.366,2.444
br.gov.caixa.tem,CAIXA Tem,FINANCE,100000000,4149167,3.34,Free,1.387,2.252
com.hicloud.android.clone,Phone Clone,TOOLS,500000000,113668,3.83,Free,1.551,3.303
com.joom,Joom. Shopping for every day.,SHOPPING,100000000,3279756,4.44,Free,0.55,1.105
com.google.earth,Google Earth,TRAVEL_AND_LOCAL,100000000,2829622,4.3,Free,0.466,0.767
com.mind.quiz.brain.out,Brain Out: Can you pass it?,GAME_PUZZLE,100000000,5061179,4.37,Free,1.845,3.756
com.google.android.webview,Android System WebView,TOOLS,5000000000,7192101,4.04,Free,1.561,2.921
com.google.android.apps.docs.editors.slides,Google Slides,PRODUCTIVITY,1000000000,548319,4.05,Free,1.125,1.961
com.lenovo.anyshare.gps,"SHAREit - Transfer, Share, Clean & File Manage",TOOLS,1000000000,16908280,4.15,Free,0.942,1.44
com.outfit7.talkingtom2free,Talking Tom Cat 2,ENTERTAINMENT,100000000,3359678,4.27,Free,0.247,0.347
com.whatsapp.wallpaper,WhatsApp Wallpaper,PERSONALIZATION,100000000,3345875,4.23,Free,0.117,0.158
com.samsung.android.scloud,Samsung Cloud,PRODUCTIVITY,1000000000,218,4.29,Free,73.406,0
com.canva.editor,"Canva: Design, Photo & Video",ART_AND_DESIGN,100000000,6984396,4.72,Free,4.957,7.138
com.sec.android.app.popupcalculator,Samsung Calculator,TOOLS,1000000000,582908,3.74,Free,2.848,5.872
com.dsi.ant.service.socket,ANT Radio Service,COMMUNICATION,1000000000,347777,3.42,Free,0.964,1.825
com.motorola.genie,Device Help,TOOLS,500000000,82229,4.14,Free,1.863,3.337
com.axlebolt.standoff2,Standoff 2,GAME_ACTION,50000000,6643312,4.38,Free,4.824,9.725
com.lockwoodpublishing.avakinlife,Avakin Life - 3D Virtual World,GAME_ROLE_PLAYING,100000000,3272395,4.2,Free,0.664,1.165
com.playrix.gardenscapes,Gardenscapes,GAME_CASUAL,100000000,11136300,4.43,Free,0.406,0.65
com.opera.mini.native,Opera Mini - fast web browser,COMMUNICATION,500000000,8012539,4.33,Free,0.648,1.233
org.telegram.messenger,Telegram,COMMUNICATION,1000000000,10304003,4.47,Free,2.599,6.007
com.dsi.ant.plugins.antplus,ANT+ Plugins Service,TOOLS,1000000000,313047,3.54,Free,1.065,2.015
com.tencent.mm,WeChat,COMMUNICATION,100000000,6099050,3.75,Free,0.271,0.426
com.xiaomi.midrop,ShareMe: File sharing,TOOLS,1000000000,1484486,4.66,Free,2.456,5.104
com.gameloft.android.ANMP.GloftGGHM,Gangstar Vegas: World of Crime,GAME_ACTION,100000000,6512869,4.33,Free,0.546,0.93
com.yahoo.mobile.client.android.mail,Yahoo Mail – Organized Email,COMMUNICATION,100000000,5927701,4.47,Free,1.081,2.468
com.mi.android.globalFileexplorer,File Manager : free and easily,TOOLS,1000000000,3239699,4.68,Free,1.815,3.672
com.google.android.apps.plus,Currents,SOCIAL,1000000000,6371280,4.02,Free,0.102,0.113
com.google.android.apps.youtube.music,YouTube Music,MUSIC_AND_AUDIO,1000000000,3499373,4.49,Free,3.31,6.638
com.whatsapp.w4b,WhatsApp Business,COMMUNICATION,500000000,7322124,4.38,Free,5.281,10.368
com.dropbox.android,Dropbox: Cloud Storage Space,PRODUCTIVITY,1000000000,2153923,4.23,Free,0.494,0.867
com.halfbrick.jetpackjoyride,Jetpack Joyride,GAME_ARCADE,100000000,4947994,4.62,Free,0.15,0.195
com.phonepe.app,"PhonePe: UPI, Recharge, Investment, Insurance",FINANCE,100000000,7920531,4.38,Free,1.865,3.86
com.miniclip.agar.io,Agar.io,GAME_ACTION,100000000,4149781,3.9,Free,0.232,0.335
com.commsource.beautyplus,BeautyPlus-Snap Retouch Filter,PHOTOGRAPHY,100000000,4809043,4.48,Free,0.314,0.566
com.playrix.fishdomdd.gplay,Fishdom,GAME_PUZZLE,100000000,5285251,4.36,Free,1.523,2.356
com.tencent.ibg.joox,JOOX Music,MUSIC_AND_AUDIO,100000000,6306515,4.12,Free,0.199,0.359
com.mobile.legends,Mobile Legends: Bang Bang,GAME_ACTION,100000000,29562409,4.01,Free,0.939,2.674
com.gau.go.launcherex,GO Launcher - 3D parallax Themes & HD Wallpapers,PERSONALIZATION,100000000,7589383,4.56,Free,0.172,0.195
com.google.android.marvin.talkback,Android Accessibility Suite,TOOLS,5000000000,3024717,4.05,Free,1.579,3.011
com.google.android.apps.photos,Google Photos,PHOTOGRAPHY,5000000000,41604370,4.51,Free,1.668,3.086
com.samsung.android.voc,Samsung Members,TOOLS,500000000,912567,4.6,Free,2.834,4.556
com.kwai.bulldog,SnackVideo,VIDEO_PLAYERS,100000000,5758932,4.53,Free,4.538,10.684
com.google.android.apps.docs.editors.docs,Google Docs,PRODUCTIVITY,1000000000,1656991,4.19,Free,0.92,1.583
com.activision.callofduty.shooter,Call of Duty Mobile Season 1,GAME_ACTION,100000000,14744190,4.28,Free,1.305,1.852
com.microsoft.teams,Microsoft Teams,BUSINESS,100000000,4805923,4.64,Free,6.397,9.377
in.amazon.mShop.android.shopping,Amazon India - Shop & Pay,SHOPPING,100000000,8000589,4.46,Free,1.145,2.405
com.skgames.trafficracer,Traffic Racer,GAME_RACING,100000000,6162069,4.55,Free,0.243,0.413
air.com.hypah.io.slither,slither.io,GAME_ACTION,500000000,6644936,3.96,Free,0.336,0.528
com.google.android.apps.maps,Google Maps,TRAVEL_AND_LOCAL,10000000000,15074384,3.88,Free,1.317,2.332
com.imangi.templerun2,Temple Run 2,GAME_ACTION,500000000,9837297,4.46,Free,0.267,0.395
flipboard.app,"Flipboard - Latest News, Top Stories & Lifestyle",NEWS_AND_MAGAZINES,500000000,1412750,4.0,Free,0.193,0.306
com.google.android.apps.navlite,Navigation for Google Maps Go,TRAVEL_AND_LOCAL,500000000,298286,4.36,Free,2.112,4.223
com.fungames.sniper3d,Sniper 3D：Gun Shooting Games,GAME_ACTION,500000000,15317573,4.38,Free,0.659,1.269
com.dts.freefireth,Garena Free Fire - Illuminate,GAME_ACTION,1000000000,105613471,3.96,Free,2.211,3.504
com.google.android.play.games,Google Play Games,ENTERTAINMENT,1000000000,12715704,4.27,Free,0.81,1.838
com.microsoft.office.outlook,Microsoft Outlook,PRODUCTIVITY,500000000,7419328,4.54,Free,1.776,3.198
com.qihoo.security,"Safe Security -  Antivirus, Booster, Phone Cleaner",TOOLS,100000000,16776955,4.65,Free,0.075,0.068
com.samsung.android.lool,Device Care,TOOLS,1000000000,419886,4.12,Free,1.599,3.167
com.fgol.HungrySharkEvolution,Hungry Shark Evolution,GAME_ARCADE,100000000,7357426,4.5,Free,0.33,0.5
com.psafe.msuite,dfndr security: antivirus,TOOLS,100000000,6015676,4.4,Free,0.233,0.372
com.ea.game.pvz2_row,Plants vs Zombies™ 2,GAME_CASUAL,100000000,7210523,4.36,Free,0.5,0.9
com.ansangha.drdriving,Dr. Driving,GAME_RACING,100000000,6266928,4.4,Free,0.431,0.758
com.microsoft.office.powerpoint,Microsoft PowerPoint,PRODUCTIVITY,1000000000,1991537,4.29,Free,0.726,1.29
com.google.android.ims,Carrier Services,COMMUNICATION,1000000000,996097,4.14,Free,3.104,5.796
com.google.android.gms,Google Play services,TOOLS,10000000000,38090306,4.25,Free,0.94,1.805
com.google.android.youtube,YouTube,VIDEO_PLAYERS,10000000000,133891820,4.27,Free,1.315,4.03
com.bsbportal.music,Wynk Music -Songs & HelloTunes,MUSIC_AND_AUDIO,100000000,3912525,4.32,Free,2.778,6.192
com.shazam.android,Shazam: Music Discovery,MUSIC_AND_AUDIO,500000000,6405350,4.82,Free,3.245,7.128
com.google.android.contacts,Contacts,COMMUNICATION,1000000000,827955,4.34,Free,3.269,6.109
com.sec.android.app.music,Samsung Music,MUSIC_AND_AUDIO,500000000,707198,3.8,Free,0.849,1.583
com.viber.voip,Viber - Safe Chats And Calls,COMMUNICATION,1000000000,15672913,4.46,Free,0.632,1.02
com.google.android.apps.docs,Google Drive,PRODUCTIVITY,5000000000,8849001,4.33,Free,1.307,2.466
com.camerasideas.instashot,Video Editor & Maker - InShot,PHOTOGRAPHY,100000000,13649820,4.83,Free,2.764,5.56
com.huawei.hwdetectrepair,Smart diagnosis,TOOLS,500000000,52439,4.09,Free,1.565,3.079
com.skgames.trafficrider,Traffic Rider,GAME_RACING,100000000,7880589,4.28,Free,0.597,1.066
com.camerasideas.trimmer,YouCut - Video Editor & Maker,VIDEO_PLAYERS,100000000,4879391,4.86,Free,2.686,5.34
com.lemon.lvoverseas,CapCut - Video Editor,VIDEO_PLAYERS,100000000,3441979,4.32,Free,5.591,12.076
br.com.brainweb.ifood,iFood: Pedir Comida e Mercado,FOOD_AND_DRINK,50000000,8765803,4.65,Free,2.704,5.985
jp.konami.pesam,eFootball PES 2021,GAME_SPORTS,100000000,8555356,4.24,Free,5.657,8.429
com.google.android.apps.messaging,Messages,COMMUNICATION,1000000000,7094425,4.19,Free,3.197,6.544
com.igg.android.lordsmobile,Lords Mobile: Tower Defense,GAME_STRATEGY,100000000,7414266,4.26,Free,1.303,2.449
com.google.android.apps.searchlite,"Google Go: A lighter, faster way to search",TOOLS,500000000,850185,4.17,Free,2.636,4.873
com.king.farmheroessaga,Farm Heroes Saga,GAME_CASUAL,100000000,9426925,4.67,Free,0.434,0.804
com.tocaboca.tocalifeworld,Toca Life World: Build stories,GAME_EDUCATIONAL,100000000,3304016,4.32,Free,5.794,11.794
com.google.android.deskclock,Clock,TOOLS,1000000000,464986,3.8,Free,1.683,3.215
zombie.survival.craft.z,Last Day on Earth: Survival,GAME_ACTION,100000000,4365301,4.37,Free,0.592,1.14
com.google.android.apps.nbu.files,Files by Google,TOOLS,1000000000,5504052,4.61,Free,2.385,4.697
com.facebook.orca,Messenger,COMMUNICATION,5000000000,82627533,0.0,Free,0.65,1.15
com.pixel.art.coloring.color.number,Happy Color® – Color by Number,GAME_BOARD,100000000,2858518,4.6,Free,1.463,2.955
com.ea.game.simcitymobile_row,SimCity BuildIt,GAME_SIMULATION,100000000,5302254,4.26,Free,0.259,0.456
com.pinterest,Pinterest,LIFESTYLE,500000000,8814084,4.56,Free,1.168,2.138
com.apusapps.launcher,APUS Launcher: Theme Launcher,PERSONALIZATION,100000000,5904801,4.51,Free,0.116,0.151
com.avast.android.mobilesecurity,"Avast Antivirus – Scan & Remove Virus, Cleaner",TOOLS,100000000,6836579,4.67,Free,0.522,0.96
com.aim.racing,Extreme Car Driving Simulator,GAME_RACING,100000000,4078661,4.26,Free,1.372,2.749
com.google.android.projection.gearhead,Android Auto,AUTO_AND_VEHICLES,1000000000,2582214,4.17,Free,3.571,7.145
com.microsoft.office.excel,Microsoft Excel: Spreadsheets,PRODUCTIVITY,1000000000,3447586,4.5,Free,0.901,1.719
com.nianticlabs.pokemongo,Pokémon GO,GAME_ADVENTURE,100000000,15096565,4.28,Free,0.407,0.694
com.uc.browser.en,UC Mini-Download Video Status & Movies,COMMUNICATION,100000000,4800522,4.37,Free,0.308,0.539
home.solo.launcher.free,"Solo Launcher-Clean,Smooth,DIY",PERSONALIZATION,100000000,2845003,4.44,Free,0.068,0.06
com.sgiggle.production,Tango-Live Stream & Video Chat,SOCIAL,100000000,4033481,4.51,Free,0.547,1.035
com.supercell.boombeach,Boom Beach,GAME_STRATEGY,50000000,6145446,4.48,Free,0.265,0.415
com.jio.media.jiobeats,JioSaavn - Music & Podcasts,MUSIC_AND_AUDIO,100000000,3991638,4.16,Free,2.963,6.203
com.tencent.ig,PUBG MOBILE: Aftermath,GAME_ACTION,500000000,41363923,4.11,Free,2.491,3.477
com.rovio.angrybirds,Angry Birds Classic,GAME_ARCADE,100000000,5689177,4.45,Free,0.184,0.187
com.huawei.phoneservice,HiCare,TOOLS,500000000,118487,4.16,Free,1.157,2.256
com.huawei.hwid,Huawei Mobile Services,TOOLS,500000000,515062,4.32,Free,1.279,2.714
com.miui.weather2,Weather - By Xiaomi,WEATHER,1000000000,1002072,4.5,Free,1.185,2.562
com.whatsapp,WhatsApp Messenger,COMMUNICATION,5000000000,156050110,4.3,Free,1.395,2.738
com.google.android.gm,Gmail,COMMUNICATION,10000000000,10932202,4.24,Free,1.449,2.749
com.twitter.android,Twitter,SOCIAL,1000000000,19394103,3.65,Free,0.732,1.399
com.adobe.reader,Adobe Acrobat Reader: Edit PDF,PRODUCTIVITY,500000000,4976549,4.59,Free,0.805,1.528
com.google.android.apps.tachyon,Google Duo,COMMUNICATION,5000000000,8798877,4.6,Free,1.526,3.048
com.sec.android.app.myfiles,Samsung My Files,TOOLS,1000000000,310999,4.07,Free,2.123,4.21
com.facebook.mlite,Messenger Lite,COMMUNICATION,500000000,5074301,4.23,Free,1.175,2.215
net.wargaming.wot.blitz,World of Tanks Blitz,GAME_STRATEGY,100000000,4066390,4.18,Free,1.378,2.528
com.nexstreaming.app.kinemasterfree,KineMaster - Video Editor,VIDEO_PLAYERS,100000000,4803640,4.24,Free,1.327,2.602
com.outfit7.mytalkingangelafree,My Talking Angela,GAME_CASUAL,500000000,13530832,3.88,Free,0.415,0.778
com.miui.calculator,Calculator,TOOLS,1000000000,265105,4.23,Free,2.461,4.979
com.miniclip.plagueinc,Plague Inc.,GAME_SIMULATION,100000000,3672362,4.61,Free,0.608,1.08
com.supercell.clashofclans,Clash of Clans,GAME_STRATEGY,500000000,57918691,4.58,Free,0.715,1.05
com.ludo.king,Ludo King™,GAME_BOARD,500000000,8439996,4.26,Free,0.977,2.004
com.miniclip.eightballpool,8 Ball Pool,GAME_SPORTS,500000000,23244066,4.49,Free,0.859,1.64
com.snapchat.android,Snapchat,COMMUNICATION,1000000000,28878909,4.22,Free,1.247,2.358
com.google.android.dialer,Phone by Google,TOOLS,1000000000,6974265,4.35,Free,12.84,26.163
com.mi.android.globalminusscreen,App Vault,TOOLS,500000000,526599,4.37,Free,1.141,2.248
com.firsttouchgames.dls3,Dream League Soccer,GAME_SPORTS,100000000,13402584,4.48,Free,0.065,0.067
com.microsoft.office.officehubrow,Microsoft Office: Edit & Share,PRODUCTIVITY,500000000,1013079,4.59,Free,10.466,19.939
com.samsung.knox.securefolder,Secure Folder,BUSINESS,1000000000,226371,3.89,Free,2.162,4.095
com.duolingo,Duolingo: language lessons,EDUCATION,100000000,11951848,4.49,Free,0.346,0.62
com.instagram.android,Instagram,SOCIAL,1000000000,131413751,4.07,Free,1.03,2.155
com.fingersoft.hcr2,Hill Climb Racing 2,GAME_RACING,100000000,4307756,4.46,Free,0.648,1.218
com.miui.player,Mi Music,MUSIC_AND_AUDIO,1000000000,1768250,4.78,Free,9.951,25.234
com.roblox.client,Roblox,GAME_ADVENTURE,500000000,27358572,4.44,Free,2.649,4.938
com.google.android.apps.subscriptions.red,Google One,PRODUCTIVITY,500000000,298563,4.39,Free,4.949,9.64
com.ubercab,Uber - Request a ride,MAPS_AND_NAVIGATION,500000000,9467246,3.83,Free,0.372,0.724
com.shopee.id,Shopee 3.3,SHOPPING,100000000,9791881,4.38,Free,2.272,5.007
com.kiloo.subwaysurf,Subway Surfers,GAME_ARCADE,1000000000,37262797,4.6,Free,0.596,1.09
com.mercadolibre,Mercado Libre: Compras Online,SHOPPING,100000000,14180136,4.64,Free,0.912,2.346
com.dts.freefiremax,Garena Free Fire MAX,GAME_ACTION,100000000,5856643,4.12,Free,18.343,34.031
com.amazon.mShop.android.shopping,Amazon Shopping,SHOPPING,500000000,2698148,4.43,Free,1.862,3.692
com.google.android.keep,Google Keep - Notes and Lists,PRODUCTIVITY,1000000000,1336750,4.17,Free,1.185,2.225
eu.nordeus.topeleven.android,Top Eleven Be a Soccer Manager,GAME_SPORTS,100000000,5262524,4.55,Free,1.078,2.282
com.google.android.apps.mapslite,Google Maps Go,TRAVEL_AND_LOCAL,500000000,204613,4.33,Free,2.774,5.278
net.one97.paytm,"Paytm -UPI, Money Transfer, Recharge, Bill Payment",FINANCE,100000000,11779052,4.52,Free,4.525,7.978
com.netflix.mediaclient,Netflix,ENTERTAINMENT,1000000000,12691011,4.47,Free,1.212,2.205
com.google.ar.lens,Google Lens,TOOLS,1000000000,1376336,4.5,Free,2.716,5.448
com.mxtech.videoplayer.ad,MX Player,VIDEO_PLAYERS,1000000000,11436044,4.47,Free,0.916,1.721
com.facebook.lite,Facebook Lite,SOCIAL,1000000000,20842771,4.15,Free,1.3,2.572
com.google.android.calculator,Calculator,TOOLS,1000000000,447503,3.84,Free,2.334,4.607
flipboard.boxer.app,Briefing,NEWS_AND_MAGAZINES,1000000000,697994,3.23,Free,0.585,1.112
wp.wattpad,Wattpad - Read & Write Stories,BOOKS_AND_REFERENCE,100000000,4484618,4.17,Free,0.652,1.256
com.transsion.phoenix,Phoenix Browser - Fast & Safe,COMMUNICATION,100000000,2466901,4.49,Free,6.289,13.25
com.sec.app.samsungprintservice,Samsung Print Service Plugin,PRODUCTIVITY,1000000000,450973,3.69,Free,0.54,1.018
com.firsttouchgames.story,Score! Hero,GAME_SPORTS,100000000,6929080,4.17,Free,0.083,0.098
com.xvideostudio.videoeditor,Video Editor & Maker VideoShow,VIDEO_PLAYERS,100000000,5803823,4.56,Free,0.409,0.786
com.gameloft.android.ANMP.GloftDMHM,Minion Rush: Running Game,GAME_CASUAL,500000000,10718981,4.59,Free,0.138,0.179
com.supercell.hayday,Hay Day,GAME_CASUAL,100000000,12585627,4.5,Free,0.345,0.561
com.hp.android.printservice,HP Print Service Plugin,PRODUCTIVITY,500000000,2793505,4.29,Free,0.575,1.065
com.android.chrome,Google Chrome: Fast & Secure,COMMUNICATION,10000000000,36814623,4.12,Free,1.693,3.266
com.rovio.baba,Angry Birds 2,GAME_CASUAL,100000000,5958848,4.28,Free,0.466,0.973
com.ea.games.r3_row,Real Racing  3,GAME_RACING,100000000,6816033,4.34,Free,0.329,0.576
com.lazada.android,Lazada - Online Shopping APP,SHOPPING,100000000,14786262,4.65,Free,4.199,9.204
com.truecaller,Truecaller: Caller ID & Block,COMMUNICATION,500000000,17005500,4.55,Free,1.419,3.264
com.sec.android.app.sbrowser,Samsung Internet Browser,COMMUNICATION,1000000000,4790917,4.37,Free,0.923,2.6
com.google.android.talk,Hangouts,COMMUNICATION,5000000000,5314962,4.03,Free,0.634,1.15
com.contextlogic.wish,Wish - Shopping Made Fun,SHOPPING,500000000,13868626,4.65,Free,0.509,0.988
com.samsung.android.email.provider,Samsung Email,PRODUCTIVITY,1000000000,2073306,4.49,Free,1.027,2.041
in.startv.hotstar,Hotstar,ENTERTAINMENT,500000000,10649079,3.84,Free,0.627,1.27
com.microsoft.skydrive,Microsoft OneDrive,PRODUCTIVITY,1000000000,2760441,4.54,Free,2.171,4.483
me.pou.app,Pou,GAME_CASUAL,500000000,11798419,4.37,Free,0.67,0.955
com.miui.videoplayer,Mi Video - Video player,ENTERTAINMENT,1000000000,433052,4.69,Free,7.822,16.316
com.google.android.apps.translate,Google Translate,TOOLS,1000000000,8293333,4.44,Free,0.824,1.284
com.fingersoft.hillclimb,Hill Climb Racing,GAME_RACING,500000000,10489467,4.59,Free,0.395,0.704
com.google.android.street,Google Street View,TRAVEL_AND_LOCAL,1000000000,2352998,4.23,Free,0.384,0.579
com.spotify.music,Spotify: Music and Podcasts,MUSIC_AND_AUDIO,1000000000,25161372,4.36,Free,1.358,2.606
com.facebook.katana,Facebook,SOCIAL,5000000000,125131202,3.15,Free,0.731,1.317
com.playrix.township,Township,GAME_CASUAL,100000000,8694137,4.22,Free,0.566,0.842
es.socialpoint.DragonCity,Dragon City Mobile,GAME_SIMULATION,100000000,8936620,4.65,Free,0.755,1.468
com.google.ar.core,Google Play Services for AR,TOOLS,1000000000,483799,3.93,Free,2.216,4.431
jp.naver.line.android,LINE: Calls & Messages,COMMUNICATION,500000000,13359475,4.16,Free,0.365,0.626
net.zedge.android,ZEDGE™ Wallpapers & Ringtones,PERSONALIZATION,100000000,9743787,4.56,Free,2.475,5.246
com.waze,"Waze - GPS, Maps, Traffic Alerts & Live Navigation",MAPS_AND_NAVIGATION,100000000,8479710,4.42,Free,0.242,0.415
com.zhiliaoapp.musically,TikTok,SOCIAL,1000000000,45637663,4.54,Free,2.575,5.021
com.king.petrescuesaga,Pet Rescue Saga,GAME_CASUAL,100000000,3491075,4.68,Free,0.137,0.197
com.alibaba.aliexpresshd,AliExpress,SHOPPING,500000000,12937254,4.52,Free,1.292,1.9
com.sec.spp.push,Samsung Push Service,COMMUNICATION,1000000000,1288359,3.89,Free,1.268,2.458
com.ea.game.pvzfree_row,Plants vs. Zombies FREE,GAME_STRATEGY,100000000,5375925,4.27,Free,0.545,0.991
